name, name_modified, nr_samples, fs, channel_ids, sequence, class, avg. quality, segment id
1_1_0.mat,1_0_0001,240000,400,16,1,0,100,1
1_2_0.mat,1_0_0002,240000,400,16,2,0,100,1
1_3_0.mat,1_0_0003,240000,400,16,3,0,100,1
1_4_0.mat,1_0_0004,240000,400,16,4,0,100,1
1_5_0.mat,1_0_0005,240000,400,16,5,0,74,1
1_6_0.mat,1_0_0006,240000,400,16,6,0,90,1
1_7_0.mat,1_0_0007,240000,400,16,1,0,96,2
1_8_0.mat,1_0_0008,240000,400,16,2,0,95,2
1_9_0.mat,1_0_0009,240000,400,16,3,0,89,2
1_10_0.mat,1_0_0010,240000,400,16,4,0,90,2
1_11_0.mat,1_0_0011,240000,400,16,5,0,94,2
1_12_0.mat,1_0_0012,240000,400,16,6,0,100,2
1_13_0.mat,1_0_0013,240000,400,16,1,0,67,3
1_14_0.mat,1_0_0014,240000,400,16,2,0,67,3
1_15_0.mat,1_0_0015,240000,400,16,3,0,86,3
1_16_0.mat,1_0_0016,240000,400,16,4,0,97,3
1_17_0.mat,1_0_0017,240000,400,16,5,0,89,3
1_18_0.mat,1_0_0018,240000,400,16,6,0,66,3
1_19_0.mat,1_0_0019,240000,400,16,1,0,100,4
1_20_0.mat,1_0_0020,240000,400,16,2,0,100,4
1_21_0.mat,1_0_0021,240000,400,16,3,0,95,4
1_22_0.mat,1_0_0022,240000,400,16,4,0,100,4
1_23_0.mat,1_0_0023,240000,400,16,5,0,100,4
1_24_0.mat,1_0_0024,240000,400,16,6,0,13,4
1_25_0.mat,1_0_0025,240000,400,16,1,0,25,5
1_26_0.mat,1_0_0026,240000,400,16,2,0,91,5
1_27_0.mat,1_0_0027,240000,400,16,3,0,79,5
1_28_0.mat,1_0_0028,240000,400,16,4,0,31,5
1_29_0.mat,1_0_0029,240000,400,16,5,0,79,5
1_30_0.mat,1_0_0030,240000,400,16,6,0,62,5
1_31_0.mat,1_0_0031,240000,400,16,1,0,92,6
1_32_0.mat,1_0_0032,240000,400,16,2,0,81,6
1_33_0.mat,1_0_0033,240000,400,16,3,0,100,6
1_34_0.mat,1_0_0034,240000,400,16,4,0,100,6
1_35_0.mat,1_0_0035,240000,400,16,5,0,100,6
1_36_0.mat,1_0_0036,240000,400,16,6,0,100,6
1_37_0.mat,1_0_0037,240000,400,16,1,0,95,7
1_38_0.mat,1_0_0038,240000,400,16,2,0,97,7
1_39_0.mat,1_0_0039,240000,400,16,3,0,100,7
1_40_0.mat,1_0_0040,240000,400,16,4,0,100,7
1_41_0.mat,1_0_0041,240000,400,16,5,0,100,7
1_42_0.mat,1_0_0042,240000,400,16,6,0,100,7
1_43_0.mat,1_0_0043,240000,400,16,1,0,100,8
1_44_0.mat,1_0_0044,240000,400,16,2,0,100,8
1_45_0.mat,1_0_0045,240000,400,16,3,0,100,8
1_46_0.mat,1_0_0046,240000,400,16,4,0,100,8
1_47_0.mat,1_0_0047,240000,400,16,5,0,100,8
1_48_0.mat,1_0_0048,240000,400,16,6,0,100,8
1_49_0.mat,1_0_0049,240000,400,16,1,0,100,9
1_50_0.mat,1_0_0050,240000,400,16,2,0,100,9
1_51_0.mat,1_0_0051,240000,400,16,3,0,61,9
1_52_0.mat,1_0_0052,240000,400,16,4,0,100,9
1_53_0.mat,1_0_0053,240000,400,16,5,0,100,9
1_54_0.mat,1_0_0054,240000,400,16,6,0,100,9
1_55_0.mat,1_0_0055,240000,400,16,1,0,100,10
1_56_0.mat,1_0_0056,240000,400,16,2,0,100,10
1_57_0.mat,1_0_0057,240000,400,16,3,0,100,10
1_58_0.mat,1_0_0058,240000,400,16,4,0,100,10
1_59_0.mat,1_0_0059,240000,400,16,5,0,99,10
1_60_0.mat,1_0_0060,240000,400,16,6,0,100,10
1_61_0.mat,1_0_0061,240000,400,16,1,0,100,11
1_62_0.mat,1_0_0062,240000,400,16,2,0,99,11
1_63_0.mat,1_0_0063,240000,400,16,3,0,99,11
1_64_0.mat,1_0_0064,240000,400,16,4,0,100,11
1_65_0.mat,1_0_0065,240000,400,16,5,0,100,11
1_66_0.mat,1_0_0066,240000,400,16,6,0,100,11
1_67_0.mat,1_0_0067,240000,400,16,1,0,89,12
1_68_0.mat,1_0_0068,240000,400,16,2,0,58,12
1_69_0.mat,1_0_0069,240000,400,16,3,0,95,12
1_70_0.mat,1_0_0070,240000,400,16,4,0,100,12
1_71_0.mat,1_0_0071,240000,400,16,5,0,100,12
1_72_0.mat,1_0_0072,240000,400,16,6,0,100,12
1_73_0.mat,1_0_0073,240000,400,16,1,0,100,13
1_74_0.mat,1_0_0074,240000,400,16,2,0,100,13
1_75_0.mat,1_0_0075,240000,400,16,3,0,100,13
1_76_0.mat,1_0_0076,240000,400,16,4,0,100,13
1_77_0.mat,1_0_0077,240000,400,16,5,0,100,13
1_78_0.mat,1_0_0078,240000,400,16,6,0,100,13
1_79_0.mat,1_0_0079,240000,400,16,1,0,100,14
1_80_0.mat,1_0_0080,240000,400,16,2,0,100,14
1_81_0.mat,1_0_0081,240000,400,16,3,0,100,14
1_82_0.mat,1_0_0082,240000,400,16,4,0,100,14
1_83_0.mat,1_0_0083,240000,400,16,5,0,100,14
1_84_0.mat,1_0_0084,240000,400,16,6,0,100,14
1_85_0.mat,1_0_0085,240000,400,16,1,0,100,15
1_86_0.mat,1_0_0086,240000,400,16,2,0,100,15
1_87_0.mat,1_0_0087,240000,400,16,3,0,100,15
1_88_0.mat,1_0_0088,240000,400,16,4,0,99,15
1_89_0.mat,1_0_0089,240000,400,16,5,0,100,15
1_90_0.mat,1_0_0090,240000,400,16,6,0,100,15
1_91_0.mat,1_0_0091,240000,400,16,1,0,100,16
1_92_0.mat,1_0_0092,240000,400,16,2,0,100,16
1_93_0.mat,1_0_0093,240000,400,16,3,0,100,16
1_94_0.mat,1_0_0094,240000,400,16,4,0,72,16
1_95_0.mat,1_0_0095,240000,400,16,5,0,0,16
1_96_0.mat,1_0_0096,240000,400,16,6,0,0,16
1_97_0.mat,1_0_0097,240000,400,16,1,0,0,17
1_98_0.mat,1_0_0098,240000,400,16,2,0,0,17
1_99_0.mat,1_0_0099,240000,400,16,3,0,58,17
1_100_0.mat,1_0_0100,240000,400,16,4,0,100,17
1_101_0.mat,1_0_0101,240000,400,16,5,0,100,17
1_102_0.mat,1_0_0102,240000,400,16,6,0,100,17
1_103_0.mat,1_0_0103,240000,400,16,1,0,100,18
1_104_0.mat,1_0_0104,240000,400,16,2,0,100,18
1_105_0.mat,1_0_0105,240000,400,16,3,0,100,18
1_106_0.mat,1_0_0106,240000,400,16,4,0,100,18
1_107_0.mat,1_0_0107,240000,400,16,5,0,100,18
1_108_0.mat,1_0_0108,240000,400,16,6,0,100,18
1_109_0.mat,1_0_0109,240000,400,16,1,0,100,19
1_110_0.mat,1_0_0110,240000,400,16,2,0,96,19
1_111_0.mat,1_0_0111,240000,400,16,3,0,34,19
1_112_0.mat,1_0_0112,240000,400,16,4,0,95,19
1_113_0.mat,1_0_0113,240000,400,16,5,0,100,19
1_114_0.mat,1_0_0114,240000,400,16,6,0,100,19
1_115_0.mat,1_0_0115,240000,400,16,1,0,80,20
1_116_0.mat,1_0_0116,240000,400,16,2,0,91,20
1_117_0.mat,1_0_0117,240000,400,16,3,0,100,20
1_118_0.mat,1_0_0118,240000,400,16,4,0,100,20
1_119_0.mat,1_0_0119,240000,400,16,5,0,78,20
1_120_0.mat,1_0_0120,240000,400,16,6,0,100,20
1_121_0.mat,1_0_0121,240000,400,16,1,0,100,21
1_122_0.mat,1_0_0122,240000,400,16,2,0,100,21
1_123_0.mat,1_0_0123,240000,400,16,3,0,100,21
1_124_0.mat,1_0_0124,240000,400,16,4,0,100,21
1_125_0.mat,1_0_0125,240000,400,16,5,0,100,21
1_126_0.mat,1_0_0126,240000,400,16,6,0,100,21
1_127_0.mat,1_0_0127,240000,400,16,1,0,100,22
1_128_0.mat,1_0_0128,240000,400,16,2,0,100,22
1_129_0.mat,1_0_0129,240000,400,16,3,0,100,22
1_130_0.mat,1_0_0130,240000,400,16,4,0,100,22
1_131_0.mat,1_0_0131,240000,400,16,5,0,100,22
1_132_0.mat,1_0_0132,240000,400,16,6,0,100,22
1_133_0.mat,1_0_0133,240000,400,16,1,0,100,23
1_134_0.mat,1_0_0134,240000,400,16,2,0,100,23
1_135_0.mat,1_0_0135,240000,400,16,3,0,100,23
1_136_0.mat,1_0_0136,240000,400,16,4,0,100,23
1_137_0.mat,1_0_0137,240000,400,16,5,0,100,23
1_138_0.mat,1_0_0138,240000,400,16,6,0,100,23
1_139_0.mat,1_0_0139,240000,400,16,1,0,100,24
1_140_0.mat,1_0_0140,240000,400,16,2,0,100,24
1_141_0.mat,1_0_0141,240000,400,16,3,0,100,24
1_142_0.mat,1_0_0142,240000,400,16,4,0,100,24
1_143_0.mat,1_0_0143,240000,400,16,5,0,24,24
1_144_0.mat,1_0_0144,240000,400,16,6,0,59,24
1_145_0.mat,1_0_0145,240000,400,16,1,0,100,25
1_146_0.mat,1_0_0146,240000,400,16,2,0,100,25
1_147_0.mat,1_0_0147,240000,400,16,3,0,100,25
1_148_0.mat,1_0_0148,240000,400,16,4,0,100,25
1_149_0.mat,1_0_0149,240000,400,16,5,0,100,25
1_150_0.mat,1_0_0150,240000,400,16,6,0,100,25
1_151_0.mat,1_0_0151,240000,400,16,1,0,100,26
1_152_0.mat,1_0_0152,240000,400,16,2,0,100,26
1_153_0.mat,1_0_0153,240000,400,16,3,0,100,26
1_154_0.mat,1_0_0154,240000,400,16,4,0,100,26
1_155_0.mat,1_0_0155,240000,400,16,5,0,100,26
1_156_0.mat,1_0_0156,240000,400,16,6,0,100,26
1_157_0.mat,1_0_0157,240000,400,16,1,0,100,27
1_158_0.mat,1_0_0158,240000,400,16,2,0,100,27
1_159_0.mat,1_0_0159,240000,400,16,3,0,100,27
1_160_0.mat,1_0_0160,240000,400,16,4,0,100,27
1_161_0.mat,1_0_0161,240000,400,16,5,0,100,27
1_162_0.mat,1_0_0162,240000,400,16,6,0,100,27
1_163_0.mat,1_0_0163,240000,400,16,1,0,100,28
1_164_0.mat,1_0_0164,240000,400,16,2,0,100,28
1_165_0.mat,1_0_0165,240000,400,16,3,0,100,28
1_166_0.mat,1_0_0166,240000,400,16,4,0,100,28
1_167_0.mat,1_0_0167,240000,400,16,5,0,100,28
1_168_0.mat,1_0_0168,240000,400,16,6,0,100,28
1_169_0.mat,1_0_0169,240000,400,16,1,0,100,29
1_170_0.mat,1_0_0170,240000,400,16,2,0,100,29
1_171_0.mat,1_0_0171,240000,400,16,3,0,99,29
1_172_0.mat,1_0_0172,240000,400,16,4,0,100,29
1_173_0.mat,1_0_0173,240000,400,16,5,0,100,29
1_174_0.mat,1_0_0174,240000,400,16,6,0,100,29
1_175_0.mat,1_0_0175,240000,400,16,1,0,100,30
1_176_0.mat,1_0_0176,240000,400,16,2,0,100,30
1_177_0.mat,1_0_0177,240000,400,16,3,0,100,30
1_178_0.mat,1_0_0178,240000,400,16,4,0,100,30
1_179_0.mat,1_0_0179,240000,400,16,5,0,100,30
1_180_0.mat,1_0_0180,240000,400,16,6,0,100,30
1_181_0.mat,1_0_0181,240000,400,16,1,0,95,31
1_182_0.mat,1_0_0182,240000,400,16,2,0,100,31
1_183_0.mat,1_0_0183,240000,400,16,3,0,100,31
1_184_0.mat,1_0_0184,240000,400,16,4,0,100,31
1_185_0.mat,1_0_0185,240000,400,16,5,0,100,31
1_186_0.mat,1_0_0186,240000,400,16,6,0,100,31
1_187_0.mat,1_0_0187,240000,400,16,1,0,0,32
1_188_0.mat,1_0_0188,240000,400,16,2,0,7,32
1_189_0.mat,1_0_0189,240000,400,16,3,0,100,32
1_190_0.mat,1_0_0190,240000,400,16,4,0,100,32
1_191_0.mat,1_0_0191,240000,400,16,5,0,100,32
1_192_0.mat,1_0_0192,240000,400,16,6,0,99,32
1_193_0.mat,1_0_0193,240000,400,16,1,0,100,33
1_194_0.mat,1_0_0194,240000,400,16,2,0,100,33
1_195_0.mat,1_0_0195,240000,400,16,3,0,100,33
1_196_0.mat,1_0_0196,240000,400,16,4,0,100,33
1_197_0.mat,1_0_0197,240000,400,16,5,0,89,33
1_198_0.mat,1_0_0198,240000,400,16,6,0,0,33
1_199_0.mat,1_0_0199,240000,400,16,1,0,100,34
1_200_0.mat,1_0_0200,240000,400,16,2,0,100,34
1_201_0.mat,1_0_0201,240000,400,16,3,0,100,34
1_202_0.mat,1_0_0202,240000,400,16,4,0,100,34
1_203_0.mat,1_0_0203,240000,400,16,5,0,100,34
1_204_0.mat,1_0_0204,240000,400,16,6,0,100,34
1_205_0.mat,1_0_0205,240000,400,16,1,0,100,35
1_206_0.mat,1_0_0206,240000,400,16,2,0,100,35
1_207_0.mat,1_0_0207,240000,400,16,3,0,100,35
1_208_0.mat,1_0_0208,240000,400,16,4,0,100,35
1_209_0.mat,1_0_0209,240000,400,16,5,0,100,35
1_210_0.mat,1_0_0210,240000,400,16,6,0,100,35
1_211_0.mat,1_0_0211,240000,400,16,1,0,100,36
1_212_0.mat,1_0_0212,240000,400,16,2,0,100,36
1_213_0.mat,1_0_0213,240000,400,16,3,0,100,36
1_214_0.mat,1_0_0214,240000,400,16,4,0,100,36
1_215_0.mat,1_0_0215,240000,400,16,5,0,100,36
1_216_0.mat,1_0_0216,240000,400,16,6,0,100,36
1_217_0.mat,1_0_0217,240000,400,16,1,0,100,37
1_218_0.mat,1_0_0218,240000,400,16,2,0,99,37
1_219_0.mat,1_0_0219,240000,400,16,3,0,100,37
1_220_0.mat,1_0_0220,240000,400,16,4,0,100,37
1_221_0.mat,1_0_0221,240000,400,16,5,0,100,37
1_222_0.mat,1_0_0222,240000,400,16,6,0,100,37
1_223_0.mat,1_0_0223,240000,400,16,1,0,100,38
1_224_0.mat,1_0_0224,240000,400,16,2,0,100,38
1_225_0.mat,1_0_0225,240000,400,16,3,0,100,38
1_226_0.mat,1_0_0226,240000,400,16,4,0,100,38
1_227_0.mat,1_0_0227,240000,400,16,5,0,100,38
1_228_0.mat,1_0_0228,240000,400,16,6,0,100,38
1_229_0.mat,1_0_0229,240000,400,16,1,0,100,39
1_230_0.mat,1_0_0230,240000,400,16,2,0,100,39
1_231_0.mat,1_0_0231,240000,400,16,3,0,100,39
1_232_0.mat,1_0_0232,240000,400,16,4,0,100,39
1_233_0.mat,1_0_0233,240000,400,16,5,0,100,39
1_234_0.mat,1_0_0234,240000,400,16,6,0,100,39
1_235_0.mat,1_0_0235,240000,400,16,1,0,100,40
1_236_0.mat,1_0_0236,240000,400,16,2,0,100,40
1_237_0.mat,1_0_0237,240000,400,16,3,0,100,40
1_238_0.mat,1_0_0238,240000,400,16,4,0,100,40
1_239_0.mat,1_0_0239,240000,400,16,5,0,100,40
1_240_0.mat,1_0_0240,240000,400,16,6,0,100,40
1_241_0.mat,1_0_0241,240000,400,16,1,0,100,41
1_242_0.mat,1_0_0242,240000,400,16,2,0,100,41
1_243_0.mat,1_0_0243,240000,400,16,3,0,100,41
1_244_0.mat,1_0_0244,240000,400,16,4,0,100,41
1_245_0.mat,1_0_0245,240000,400,16,5,0,100,41
1_246_0.mat,1_0_0246,240000,400,16,6,0,100,41
1_247_0.mat,1_0_0247,240000,400,16,1,0,100,42
1_248_0.mat,1_0_0248,240000,400,16,2,0,100,42
1_249_0.mat,1_0_0249,240000,400,16,3,0,100,42
1_250_0.mat,1_0_0250,240000,400,16,4,0,100,42
1_251_0.mat,1_0_0251,240000,400,16,5,0,100,42
1_252_0.mat,1_0_0252,240000,400,16,6,0,100,42
1_253_0.mat,1_0_0253,240000,400,16,1,0,100,43
1_254_0.mat,1_0_0254,240000,400,16,2,0,100,43
1_255_0.mat,1_0_0255,240000,400,16,3,0,100,43
1_256_0.mat,1_0_0256,240000,400,16,4,0,100,43
1_257_0.mat,1_0_0257,240000,400,16,5,0,100,43
1_258_0.mat,1_0_0258,240000,400,16,6,0,100,43
1_259_0.mat,1_0_0259,240000,400,16,1,0,100,44
1_260_0.mat,1_0_0260,240000,400,16,2,0,100,44
1_261_0.mat,1_0_0261,240000,400,16,3,0,100,44
1_262_0.mat,1_0_0262,240000,400,16,4,0,100,44
1_263_0.mat,1_0_0263,240000,400,16,5,0,100,44
1_264_0.mat,1_0_0264,240000,400,16,6,0,100,44
1_265_0.mat,1_0_0265,240000,400,16,1,0,100,45
1_266_0.mat,1_0_0266,240000,400,16,2,0,100,45
1_267_0.mat,1_0_0267,240000,400,16,3,0,100,45
1_268_0.mat,1_0_0268,240000,400,16,4,0,100,45
1_269_0.mat,1_0_0269,240000,400,16,5,0,100,45
1_270_0.mat,1_0_0270,240000,400,16,6,0,100,45
1_271_0.mat,1_0_0271,240000,400,16,1,0,100,46
1_272_0.mat,1_0_0272,240000,400,16,2,0,100,46
1_273_0.mat,1_0_0273,240000,400,16,3,0,100,46
1_274_0.mat,1_0_0274,240000,400,16,4,0,100,46
1_275_0.mat,1_0_0275,240000,400,16,5,0,100,46
1_276_0.mat,1_0_0276,240000,400,16,6,0,100,46
1_277_0.mat,1_0_0277,240000,400,16,1,0,100,47
1_278_0.mat,1_0_0278,240000,400,16,2,0,100,47
1_279_0.mat,1_0_0279,240000,400,16,3,0,100,47
1_280_0.mat,1_0_0280,240000,400,16,4,0,100,47
1_281_0.mat,1_0_0281,240000,400,16,5,0,100,47
1_282_0.mat,1_0_0282,240000,400,16,6,0,100,47
1_283_0.mat,1_0_0283,240000,400,16,1,0,100,48
1_284_0.mat,1_0_0284,240000,400,16,2,0,100,48
1_285_0.mat,1_0_0285,240000,400,16,3,0,99,48
1_286_0.mat,1_0_0286,240000,400,16,4,0,99,48
1_287_0.mat,1_0_0287,240000,400,16,5,0,100,48
1_288_0.mat,1_0_0288,240000,400,16,6,0,100,48
1_289_0.mat,1_0_0289,240000,400,16,1,0,100,49
1_290_0.mat,1_0_0290,240000,400,16,2,0,100,49
1_291_0.mat,1_0_0291,240000,400,16,3,0,100,49
1_292_0.mat,1_0_0292,240000,400,16,4,0,100,49
1_293_0.mat,1_0_0293,240000,400,16,5,0,100,49
1_294_0.mat,1_0_0294,240000,400,16,6,0,100,49
1_295_0.mat,1_0_0295,240000,400,16,1,0,100,50
1_296_0.mat,1_0_0296,240000,400,16,2,0,100,50
1_297_0.mat,1_0_0297,240000,400,16,3,0,100,50
1_298_0.mat,1_0_0298,240000,400,16,4,0,100,50
1_299_0.mat,1_0_0299,240000,400,16,5,0,100,50
1_300_0.mat,1_0_0300,240000,400,16,6,0,100,50
1_301_0.mat,1_0_0301,240000,400,16,1,0,100,51
1_302_0.mat,1_0_0302,240000,400,16,2,0,100,51
1_303_0.mat,1_0_0303,240000,400,16,3,0,100,51
1_304_0.mat,1_0_0304,240000,400,16,4,0,100,51
1_305_0.mat,1_0_0305,240000,400,16,5,0,100,51
1_306_0.mat,1_0_0306,240000,400,16,6,0,100,51
1_307_0.mat,1_0_0307,240000,400,16,1,0,100,52
1_308_0.mat,1_0_0308,240000,400,16,2,0,100,52
1_309_0.mat,1_0_0309,240000,400,16,3,0,100,52
1_310_0.mat,1_0_0310,240000,400,16,4,0,100,52
1_311_0.mat,1_0_0311,240000,400,16,5,0,100,52
1_312_0.mat,1_0_0312,240000,400,16,6,0,100,52
1_313_0.mat,1_0_0313,240000,400,16,1,0,100,53
1_314_0.mat,1_0_0314,240000,400,16,2,0,100,53
1_315_0.mat,1_0_0315,240000,400,16,3,0,100,53
1_316_0.mat,1_0_0316,240000,400,16,4,0,100,53
1_317_0.mat,1_0_0317,240000,400,16,5,0,100,53
1_318_0.mat,1_0_0318,240000,400,16,6,0,100,53
1_319_0.mat,1_0_0319,240000,400,16,1,0,100,54
1_320_0.mat,1_0_0320,240000,400,16,2,0,100,54
1_321_0.mat,1_0_0321,240000,400,16,3,0,100,54
1_322_0.mat,1_0_0322,240000,400,16,4,0,100,54
1_323_0.mat,1_0_0323,240000,400,16,5,0,100,54
1_324_0.mat,1_0_0324,240000,400,16,6,0,100,54
1_325_0.mat,1_0_0325,240000,400,16,1,0,100,55
1_326_0.mat,1_0_0326,240000,400,16,2,0,100,55
1_327_0.mat,1_0_0327,240000,400,16,3,0,100,55
1_328_0.mat,1_0_0328,240000,400,16,4,0,100,55
1_329_0.mat,1_0_0329,240000,400,16,5,0,98,55
1_330_0.mat,1_0_0330,240000,400,16,6,0,42,55
1_331_0.mat,1_0_0331,240000,400,16,1,0,33,56
1_332_0.mat,1_0_0332,240000,400,16,2,0,33,56
1_333_0.mat,1_0_0333,240000,400,16,3,0,35,56
1_334_0.mat,1_0_0334,240000,400,16,4,0,27,56
1_335_0.mat,1_0_0335,240000,400,16,5,0,87,56
1_336_0.mat,1_0_0336,240000,400,16,6,0,96,56
1_337_0.mat,1_0_0337,240000,400,16,1,0,48,57
1_338_0.mat,1_0_0338,240000,400,16,2,0,51,57
1_339_0.mat,1_0_0339,240000,400,16,3,0,90,57
1_340_0.mat,1_0_0340,240000,400,16,4,0,100,57
1_341_0.mat,1_0_0341,240000,400,16,5,0,100,57
1_342_0.mat,1_0_0342,240000,400,16,6,0,78,57
1_343_0.mat,1_0_0343,240000,400,16,1,0,100,58
1_344_0.mat,1_0_0344,240000,400,16,2,0,100,58
1_345_0.mat,1_0_0345,240000,400,16,3,0,59,58
1_346_0.mat,1_0_0346,240000,400,16,4,0,99,58
1_347_0.mat,1_0_0347,240000,400,16,5,0,100,58
1_348_0.mat,1_0_0348,240000,400,16,6,0,9,58
1_349_0.mat,1_0_0349,240000,400,16,1,0,0,59
1_350_0.mat,1_0_0350,240000,400,16,2,0,26,59
1_351_0.mat,1_0_0351,240000,400,16,3,0,100,59
1_352_0.mat,1_0_0352,240000,400,16,4,0,100,59
1_353_0.mat,1_0_0353,240000,400,16,5,0,100,59
1_354_0.mat,1_0_0354,240000,400,16,6,0,100,59
1_355_0.mat,1_0_0355,240000,400,16,1,0,100,60
1_356_0.mat,1_0_0356,240000,400,16,2,0,100,60
1_357_0.mat,1_0_0357,240000,400,16,3,0,100,60
1_358_0.mat,1_0_0358,240000,400,16,4,0,100,60
1_359_0.mat,1_0_0359,240000,400,16,5,0,100,60
1_360_0.mat,1_0_0360,240000,400,16,6,0,100,60
1_361_0.mat,1_0_0361,240000,400,16,1,0,100,61
1_362_0.mat,1_0_0362,240000,400,16,2,0,100,61
1_363_0.mat,1_0_0363,240000,400,16,3,0,100,61
1_364_0.mat,1_0_0364,240000,400,16,4,0,100,61
1_365_0.mat,1_0_0365,240000,400,16,5,0,100,61
1_366_0.mat,1_0_0366,240000,400,16,6,0,100,61
1_367_0.mat,1_0_0367,240000,400,16,1,0,100,62
1_368_0.mat,1_0_0368,240000,400,16,2,0,100,62
1_369_0.mat,1_0_0369,240000,400,16,3,0,100,62
1_370_0.mat,1_0_0370,240000,400,16,4,0,100,62
1_371_0.mat,1_0_0371,240000,400,16,5,0,100,62
1_372_0.mat,1_0_0372,240000,400,16,6,0,100,62
1_373_0.mat,1_0_0373,240000,400,16,1,0,100,63
1_374_0.mat,1_0_0374,240000,400,16,2,0,100,63
1_375_0.mat,1_0_0375,240000,400,16,3,0,100,63
1_376_0.mat,1_0_0376,240000,400,16,4,0,100,63
1_377_0.mat,1_0_0377,240000,400,16,5,0,100,63
1_378_0.mat,1_0_0378,240000,400,16,6,0,100,63
1_379_0.mat,1_0_0379,240000,400,16,1,0,100,64
1_380_0.mat,1_0_0380,240000,400,16,2,0,100,64
1_381_0.mat,1_0_0381,240000,400,16,3,0,100,64
1_382_0.mat,1_0_0382,240000,400,16,4,0,100,64
1_383_0.mat,1_0_0383,240000,400,16,5,0,98,64
1_384_0.mat,1_0_0384,240000,400,16,6,0,30,64
1_385_0.mat,1_0_0385,240000,400,16,1,0,100,65
1_386_0.mat,1_0_0386,240000,400,16,2,0,100,65
1_387_0.mat,1_0_0387,240000,400,16,3,0,100,65
1_388_0.mat,1_0_0388,240000,400,16,4,0,100,65
1_389_0.mat,1_0_0389,240000,400,16,5,0,100,65
1_390_0.mat,1_0_0390,240000,400,16,6,0,62,65
1_391_0.mat,1_0_0391,240000,400,16,1,0,69,66
1_392_0.mat,1_0_0392,240000,400,16,2,0,100,66
1_393_0.mat,1_0_0393,240000,400,16,3,0,100,66
1_394_0.mat,1_0_0394,240000,400,16,4,0,100,66
1_395_0.mat,1_0_0395,240000,400,16,5,0,100,66
1_396_0.mat,1_0_0396,240000,400,16,6,0,100,66
1_397_0.mat,1_0_0397,240000,400,16,1,0,98,67
1_398_0.mat,1_0_0398,240000,400,16,2,0,83,67
1_399_0.mat,1_0_0399,240000,400,16,3,0,98,67
1_400_0.mat,1_0_0400,240000,400,16,4,0,96,67
1_401_0.mat,1_0_0401,240000,400,16,5,0,95,67
1_402_0.mat,1_0_0402,240000,400,16,6,0,92,67
1_403_0.mat,1_0_0403,240000,400,16,1,0,90,68
1_404_0.mat,1_0_0404,240000,400,16,2,0,91,68
1_405_0.mat,1_0_0405,240000,400,16,3,0,98,68
1_406_0.mat,1_0_0406,240000,400,16,4,0,100,68
1_407_0.mat,1_0_0407,240000,400,16,5,0,90,68
1_408_0.mat,1_0_0408,240000,400,16,6,0,87,68
1_409_0.mat,1_0_0409,240000,400,16,1,0,69,69
1_410_0.mat,1_0_0410,240000,400,16,2,0,84,69
1_411_0.mat,1_0_0411,240000,400,16,3,0,99,69
1_412_0.mat,1_0_0412,240000,400,16,4,0,89,69
1_413_0.mat,1_0_0413,240000,400,16,5,0,97,69
1_414_0.mat,1_0_0414,240000,400,16,6,0,97,69
1_415_0.mat,1_0_0415,240000,400,16,1,0,99,70
1_416_0.mat,1_0_0416,240000,400,16,2,0,99,70
1_417_0.mat,1_0_0417,240000,400,16,3,0,97,70
1_418_0.mat,1_0_0418,240000,400,16,4,0,100,70
1_419_0.mat,1_0_0419,240000,400,16,5,0,100,70
1_420_0.mat,1_0_0420,240000,400,16,6,0,100,70
1_421_0.mat,1_0_0421,240000,400,16,1,0,100,71
1_422_0.mat,1_0_0422,240000,400,16,2,0,100,71
1_423_0.mat,1_0_0423,240000,400,16,3,0,100,71
1_424_0.mat,1_0_0424,240000,400,16,4,0,100,71
1_425_0.mat,1_0_0425,240000,400,16,5,0,100,71
1_426_0.mat,1_0_0426,240000,400,16,6,0,100,71
1_427_0.mat,1_0_0427,240000,400,16,1,0,100,72
1_428_0.mat,1_0_0428,240000,400,16,2,0,100,72
1_429_0.mat,1_0_0429,240000,400,16,3,0,97,72
1_430_0.mat,1_0_0430,240000,400,16,4,0,98,72
1_431_0.mat,1_0_0431,240000,400,16,5,0,100,72
1_432_0.mat,1_0_0432,240000,400,16,6,0,100,72
1_433_0.mat,1_0_0433,240000,400,16,1,0,100,73
1_434_0.mat,1_0_0434,240000,400,16,2,0,91,73
1_435_0.mat,1_0_0435,240000,400,16,3,0,47,73
1_436_0.mat,1_0_0436,240000,400,16,4,0,68,73
1_437_0.mat,1_0_0437,240000,400,16,5,0,63,73
1_438_0.mat,1_0_0438,240000,400,16,6,0,79,73
1_439_0.mat,1_0_0439,240000,400,16,1,0,69,74
1_440_0.mat,1_0_0440,240000,400,16,2,0,100,74
1_441_0.mat,1_0_0441,240000,400,16,3,0,29,74
1_442_0.mat,1_0_0442,240000,400,16,4,0,3,74
1_443_0.mat,1_0_0443,240000,400,16,5,0,55,74
1_444_0.mat,1_0_0444,240000,400,16,6,0,98,74
1_445_0.mat,1_0_0445,240000,400,16,1,0,0,75
1_446_0.mat,1_0_0446,240000,400,16,2,0,0,75
1_447_0.mat,1_0_0447,240000,400,16,3,0,90,75
1_448_0.mat,1_0_0448,240000,400,16,4,0,100,75
1_449_0.mat,1_0_0449,240000,400,16,5,0,100,75
1_450_0.mat,1_0_0450,240000,400,16,6,0,100,75
1_451_0.mat,1_0_0451,240000,400,16,1,0,35,76
1_452_0.mat,1_0_0452,240000,400,16,2,0,86,76
1_453_0.mat,1_0_0453,240000,400,16,3,0,100,76
1_454_0.mat,1_0_0454,240000,400,16,4,0,100,76
1_455_0.mat,1_0_0455,240000,400,16,5,0,100,76
1_456_0.mat,1_0_0456,240000,400,16,6,0,100,76
1_457_0.mat,1_0_0457,240000,400,16,1,0,59,77
1_458_0.mat,1_0_0458,240000,400,16,2,0,0,77
1_459_0.mat,1_0_0459,240000,400,16,3,0,96,77
1_460_0.mat,1_0_0460,240000,400,16,4,0,100,77
1_461_0.mat,1_0_0461,240000,400,16,5,0,100,77
1_462_0.mat,1_0_0462,240000,400,16,6,0,100,77
1_463_0.mat,1_0_0463,240000,400,16,1,0,99,78
1_464_0.mat,1_0_0464,240000,400,16,2,0,30,78
1_465_0.mat,1_0_0465,240000,400,16,3,0,0,78
1_466_0.mat,1_0_0466,240000,400,16,4,0,39,78
1_467_0.mat,1_0_0467,240000,400,16,5,0,100,78
1_468_0.mat,1_0_0468,240000,400,16,6,0,100,78
1_469_0.mat,1_0_0469,240000,400,16,1,0,33,79
1_470_0.mat,1_0_0470,240000,400,16,2,0,71,79
1_471_0.mat,1_0_0471,240000,400,16,3,0,97,79
1_472_0.mat,1_0_0472,240000,400,16,4,0,100,79
1_473_0.mat,1_0_0473,240000,400,16,5,0,88,79
1_474_0.mat,1_0_0474,240000,400,16,6,0,98,79
1_475_0.mat,1_0_0475,240000,400,16,1,0,100,80
1_476_0.mat,1_0_0476,240000,400,16,2,0,100,80
1_477_0.mat,1_0_0477,240000,400,16,3,0,7,80
1_478_0.mat,1_0_0478,240000,400,16,4,0,47,80
1_479_0.mat,1_0_0479,240000,400,16,5,0,100,80
1_480_0.mat,1_0_0480,240000,400,16,6,0,100,80
1_481_0.mat,1_0_0481,240000,400,16,1,0,100,81
1_482_0.mat,1_0_0482,240000,400,16,2,0,100,81
1_483_0.mat,1_0_0483,240000,400,16,3,0,100,81
1_484_0.mat,1_0_0484,240000,400,16,4,0,0,81
1_485_0.mat,1_0_0485,240000,400,16,5,0,37,81
1_486_0.mat,1_0_0486,240000,400,16,6,0,47,81
1_487_0.mat,1_0_0487,240000,400,16,1,0,0,82
1_488_0.mat,1_0_0488,240000,400,16,2,0,3,82
1_489_0.mat,1_0_0489,240000,400,16,3,0,96,82
1_490_0.mat,1_0_0490,240000,400,16,4,0,100,82
1_491_0.mat,1_0_0491,240000,400,16,5,0,100,82
1_492_0.mat,1_0_0492,240000,400,16,6,0,100,82
1_493_0.mat,1_0_0493,240000,400,16,1,0,100,83
1_494_0.mat,1_0_0494,240000,400,16,2,0,100,83
1_495_0.mat,1_0_0495,240000,400,16,3,0,100,83
1_496_0.mat,1_0_0496,240000,400,16,4,0,100,83
1_497_0.mat,1_0_0497,240000,400,16,5,0,100,83
1_498_0.mat,1_0_0498,240000,400,16,6,0,100,83
1_499_0.mat,1_0_0499,240000,400,16,1,0,55,84
1_500_0.mat,1_0_0500,240000,400,16,2,0,78,84
1_501_0.mat,1_0_0501,240000,400,16,3,0,100,84
1_502_0.mat,1_0_0502,240000,400,16,4,0,75,84
1_503_0.mat,1_0_0503,240000,400,16,5,0,92,84
1_504_0.mat,1_0_0504,240000,400,16,6,0,86,84
1_505_0.mat,1_0_0505,240000,400,16,1,0,98,85
1_506_0.mat,1_0_0506,240000,400,16,2,0,99,85
1_507_0.mat,1_0_0507,240000,400,16,3,0,100,85
1_508_0.mat,1_0_0508,240000,400,16,4,0,100,85
1_509_0.mat,1_0_0509,240000,400,16,5,0,99,85
1_510_0.mat,1_0_0510,240000,400,16,6,0,99,85
1_511_0.mat,1_0_0511,240000,400,16,1,0,93,86
1_512_0.mat,1_0_0512,240000,400,16,2,0,98,86
1_513_0.mat,1_0_0513,240000,400,16,3,0,99,86
1_514_0.mat,1_0_0514,240000,400,16,4,0,100,86
1_515_0.mat,1_0_0515,240000,400,16,5,0,100,86
1_516_0.mat,1_0_0516,240000,400,16,6,0,92,86
1_517_0.mat,1_0_0517,240000,400,16,1,0,94,87
1_518_0.mat,1_0_0518,240000,400,16,2,0,100,87
1_519_0.mat,1_0_0519,240000,400,16,3,0,100,87
1_520_0.mat,1_0_0520,240000,400,16,4,0,100,87
1_521_0.mat,1_0_0521,240000,400,16,5,0,98,87
1_522_0.mat,1_0_0522,240000,400,16,6,0,99,87
1_523_0.mat,1_0_0523,240000,400,16,1,0,96,88
1_524_0.mat,1_0_0524,240000,400,16,2,0,100,88
1_525_0.mat,1_0_0525,240000,400,16,3,0,100,88
1_526_0.mat,1_0_0526,240000,400,16,4,0,100,88
1_527_0.mat,1_0_0527,240000,400,16,5,0,100,88
1_528_0.mat,1_0_0528,240000,400,16,6,0,100,88
1_529_0.mat,1_0_0529,240000,400,16,1,0,100,89
1_530_0.mat,1_0_0530,240000,400,16,2,0,100,89
1_531_0.mat,1_0_0531,240000,400,16,3,0,99,89
1_532_0.mat,1_0_0532,240000,400,16,4,0,100,89
1_533_0.mat,1_0_0533,240000,400,16,5,0,100,89
1_534_0.mat,1_0_0534,240000,400,16,6,0,100,89
1_535_0.mat,1_0_0535,240000,400,16,1,0,99,90
1_536_0.mat,1_0_0536,240000,400,16,2,0,100,90
1_537_0.mat,1_0_0537,240000,400,16,3,0,100,90
1_538_0.mat,1_0_0538,240000,400,16,4,0,99,90
1_539_0.mat,1_0_0539,240000,400,16,5,0,96,90
1_540_0.mat,1_0_0540,240000,400,16,6,0,98,90
1_541_0.mat,1_0_0541,240000,400,16,1,0,100,91
1_542_0.mat,1_0_0542,240000,400,16,2,0,99,91
1_543_0.mat,1_0_0543,240000,400,16,3,0,84,91
1_544_0.mat,1_0_0544,240000,400,16,4,0,60,91
1_545_0.mat,1_0_0545,240000,400,16,5,0,100,91
1_546_0.mat,1_0_0546,240000,400,16,6,0,100,91
1_547_0.mat,1_0_0547,240000,400,16,1,0,61,92
1_548_0.mat,1_0_0548,240000,400,16,2,0,100,92
1_549_0.mat,1_0_0549,240000,400,16,3,0,100,92
1_550_0.mat,1_0_0550,240000,400,16,4,0,100,92
1_551_0.mat,1_0_0551,240000,400,16,5,0,47,92
1_552_0.mat,1_0_0552,240000,400,16,6,0,63,92
1_553_0.mat,1_0_0553,240000,400,16,1,0,100,93
1_554_0.mat,1_0_0554,240000,400,16,2,0,100,93
1_555_0.mat,1_0_0555,240000,400,16,3,0,100,93
1_556_0.mat,1_0_0556,240000,400,16,4,0,47,93
1_557_0.mat,1_0_0557,240000,400,16,5,0,0,93
1_558_0.mat,1_0_0558,240000,400,16,6,0,81,93
1_559_0.mat,1_0_0559,240000,400,16,1,0,0,94
1_560_0.mat,1_0_0560,240000,400,16,2,0,92,94
1_561_0.mat,1_0_0561,240000,400,16,3,0,100,94
1_562_0.mat,1_0_0562,240000,400,16,4,0,100,94
1_563_0.mat,1_0_0563,240000,400,16,5,0,100,94
1_564_0.mat,1_0_0564,240000,400,16,6,0,100,94
1_565_0.mat,1_0_0565,240000,400,16,1,0,0,95
1_566_0.mat,1_0_0566,240000,400,16,2,0,2,95
1_567_0.mat,1_0_0567,240000,400,16,3,0,82,95
1_568_0.mat,1_0_0568,240000,400,16,4,0,100,95
1_569_0.mat,1_0_0569,240000,400,16,5,0,100,95
1_570_0.mat,1_0_0570,240000,400,16,6,0,100,95
1_571_0.mat,1_0_0571,240000,400,16,1,0,100,96
1_572_0.mat,1_0_0572,240000,400,16,2,0,100,96
1_573_0.mat,1_0_0573,240000,400,16,3,0,100,96
1_574_0.mat,1_0_0574,240000,400,16,4,0,100,96
1_575_0.mat,1_0_0575,240000,400,16,5,0,100,96
1_576_0.mat,1_0_0576,240000,400,16,6,0,100,96
1_577_0.mat,1_0_0577,240000,400,16,1,0,90,97
1_578_0.mat,1_0_0578,240000,400,16,2,0,5,97
1_579_0.mat,1_0_0579,240000,400,16,3,0,0,97
1_580_0.mat,1_0_0580,240000,400,16,4,0,77,97
1_581_0.mat,1_0_0581,240000,400,16,5,0,100,97
1_582_0.mat,1_0_0582,240000,400,16,6,0,100,97
1_583_0.mat,1_0_0583,240000,400,16,1,0,100,98
1_584_0.mat,1_0_0584,240000,400,16,2,0,100,98
1_585_0.mat,1_0_0585,240000,400,16,3,0,100,98
1_586_0.mat,1_0_0586,240000,400,16,4,0,100,98
1_587_0.mat,1_0_0587,240000,400,16,5,0,100,98
1_588_0.mat,1_0_0588,240000,400,16,6,0,100,98
1_589_0.mat,1_0_0589,240000,400,16,1,0,100,99
1_590_0.mat,1_0_0590,240000,400,16,2,0,100,99
1_591_0.mat,1_0_0591,240000,400,16,3,0,100,99
1_592_0.mat,1_0_0592,240000,400,16,4,0,100,99
1_593_0.mat,1_0_0593,240000,400,16,5,0,100,99
1_594_0.mat,1_0_0594,240000,400,16,6,0,100,99
1_595_0.mat,1_0_0595,240000,400,16,1,0,100,100
1_596_0.mat,1_0_0596,240000,400,16,2,0,100,100
1_597_0.mat,1_0_0597,240000,400,16,3,0,100,100
1_598_0.mat,1_0_0598,240000,400,16,4,0,100,100
1_599_0.mat,1_0_0599,240000,400,16,5,0,100,100
1_600_0.mat,1_0_0600,240000,400,16,6,0,100,100
1_601_0.mat,1_0_0601,240000,400,16,1,0,100,101
1_602_0.mat,1_0_0602,240000,400,16,2,0,100,101
1_603_0.mat,1_0_0603,240000,400,16,3,0,100,101
1_604_0.mat,1_0_0604,240000,400,16,4,0,100,101
1_605_0.mat,1_0_0605,240000,400,16,5,0,100,101
1_606_0.mat,1_0_0606,240000,400,16,6,0,100,101
1_607_0.mat,1_0_0607,240000,400,16,1,0,100,102
1_608_0.mat,1_0_0608,240000,400,16,2,0,100,102
1_609_0.mat,1_0_0609,240000,400,16,3,0,100,102
1_610_0.mat,1_0_0610,240000,400,16,4,0,100,102
1_611_0.mat,1_0_0611,240000,400,16,5,0,100,102
1_612_0.mat,1_0_0612,240000,400,16,6,0,100,102
1_613_0.mat,1_0_0613,240000,400,16,1,0,100,103
1_614_0.mat,1_0_0614,240000,400,16,2,0,100,103
1_615_0.mat,1_0_0615,240000,400,16,3,0,97,103
1_616_0.mat,1_0_0616,240000,400,16,4,0,99,103
1_617_0.mat,1_0_0617,240000,400,16,5,0,100,103
1_618_0.mat,1_0_0618,240000,400,16,6,0,96,103
1_619_0.mat,1_0_0619,240000,400,16,1,0,89,104
1_620_0.mat,1_0_0620,240000,400,16,2,0,96,104
1_621_0.mat,1_0_0621,240000,400,16,3,0,99,104
1_622_0.mat,1_0_0622,240000,400,16,4,0,99,104
1_623_0.mat,1_0_0623,240000,400,16,5,0,100,104
1_624_0.mat,1_0_0624,240000,400,16,6,0,100,104
1_625_0.mat,1_0_0625,240000,400,16,1,0,100,105
1_626_0.mat,1_0_0626,240000,400,16,2,0,100,105
1_627_0.mat,1_0_0627,240000,400,16,3,0,100,105
1_628_0.mat,1_0_0628,240000,400,16,4,0,100,105
1_629_0.mat,1_0_0629,240000,400,16,5,0,100,105
1_630_0.mat,1_0_0630,240000,400,16,6,0,100,105
1_631_0.mat,1_0_0631,240000,400,16,1,0,86,106
1_632_0.mat,1_0_0632,240000,400,16,2,0,97,106
1_633_0.mat,1_0_0633,240000,400,16,3,0,100,106
1_634_0.mat,1_0_0634,240000,400,16,4,0,99,106
1_635_0.mat,1_0_0635,240000,400,16,5,0,100,106
1_636_0.mat,1_0_0636,240000,400,16,6,0,98,106
1_637_0.mat,1_0_0637,240000,400,16,1,0,100,107
1_638_0.mat,1_0_0638,240000,400,16,2,0,100,107
1_639_0.mat,1_0_0639,240000,400,16,3,0,99,107
1_640_0.mat,1_0_0640,240000,400,16,4,0,97,107
1_641_0.mat,1_0_0641,240000,400,16,5,0,99,107
1_642_0.mat,1_0_0642,240000,400,16,6,0,87,107
1_643_0.mat,1_0_0643,240000,400,16,1,0,100,108
1_644_0.mat,1_0_0644,240000,400,16,2,0,100,108
1_645_0.mat,1_0_0645,240000,400,16,3,0,100,108
1_646_0.mat,1_0_0646,240000,400,16,4,0,100,108
1_647_0.mat,1_0_0647,240000,400,16,5,0,100,108
1_648_0.mat,1_0_0648,240000,400,16,6,0,100,108
1_649_0.mat,1_0_0649,240000,400,16,1,0,100,109
1_650_0.mat,1_0_0650,240000,400,16,2,0,100,109
1_651_0.mat,1_0_0651,240000,400,16,3,0,100,109
1_652_0.mat,1_0_0652,240000,400,16,4,0,75,109
1_653_0.mat,1_0_0653,240000,400,16,5,0,100,109
1_654_0.mat,1_0_0654,240000,400,16,6,0,99,109
1_655_0.mat,1_0_0655,240000,400,16,1,0,100,110
1_656_0.mat,1_0_0656,240000,400,16,2,0,100,110
1_657_0.mat,1_0_0657,240000,400,16,3,0,100,110
1_658_0.mat,1_0_0658,240000,400,16,4,0,100,110
1_659_0.mat,1_0_0659,240000,400,16,5,0,100,110
1_660_0.mat,1_0_0660,240000,400,16,6,0,100,110
1_661_0.mat,1_0_0661,240000,400,16,1,0,100,111
1_662_0.mat,1_0_0662,240000,400,16,2,0,100,111
1_663_0.mat,1_0_0663,240000,400,16,3,0,100,111
1_664_0.mat,1_0_0664,240000,400,16,4,0,100,111
1_665_0.mat,1_0_0665,240000,400,16,5,0,100,111
1_666_0.mat,1_0_0666,240000,400,16,6,0,100,111
1_667_0.mat,1_0_0667,240000,400,16,1,0,100,112
1_668_0.mat,1_0_0668,240000,400,16,2,0,98,112
1_669_0.mat,1_0_0669,240000,400,16,3,0,98,112
1_670_0.mat,1_0_0670,240000,400,16,4,0,99,112
1_671_0.mat,1_0_0671,240000,400,16,5,0,96,112
1_672_0.mat,1_0_0672,240000,400,16,6,0,96,112
1_673_0.mat,1_0_0673,240000,400,16,1,0,100,113
1_674_0.mat,1_0_0674,240000,400,16,2,0,100,113
1_675_0.mat,1_0_0675,240000,400,16,3,0,100,113
1_676_0.mat,1_0_0676,240000,400,16,4,0,99,113
1_677_0.mat,1_0_0677,240000,400,16,5,0,100,113
1_678_0.mat,1_0_0678,240000,400,16,6,0,100,113
1_679_0.mat,1_0_0679,240000,400,16,1,0,100,114
1_680_0.mat,1_0_0680,240000,400,16,2,0,100,114
1_681_0.mat,1_0_0681,240000,400,16,3,0,99,114
1_682_0.mat,1_0_0682,240000,400,16,4,0,97,114
1_683_0.mat,1_0_0683,240000,400,16,5,0,100,114
1_684_0.mat,1_0_0684,240000,400,16,6,0,100,114
1_685_0.mat,1_0_0685,240000,400,16,1,0,98,115
1_686_0.mat,1_0_0686,240000,400,16,2,0,97,115
1_687_0.mat,1_0_0687,240000,400,16,3,0,100,115
1_688_0.mat,1_0_0688,240000,400,16,4,0,99,115
1_689_0.mat,1_0_0689,240000,400,16,5,0,99,115
1_690_0.mat,1_0_0690,240000,400,16,6,0,96,115
1_691_0.mat,1_0_0691,240000,400,16,1,0,99,116
1_692_0.mat,1_0_0692,240000,400,16,2,0,100,116
1_693_0.mat,1_0_0693,240000,400,16,3,0,100,116
1_694_0.mat,1_0_0694,240000,400,16,4,0,100,116
1_695_0.mat,1_0_0695,240000,400,16,5,0,100,116
1_696_0.mat,1_0_0696,240000,400,16,6,0,100,116
1_697_0.mat,1_0_0697,240000,400,16,1,0,100,117
1_698_0.mat,1_0_0698,240000,400,16,2,0,99,117
1_699_0.mat,1_0_0699,240000,400,16,3,0,100,117
1_700_0.mat,1_0_0700,240000,400,16,4,0,62,117
1_701_0.mat,1_0_0701,240000,400,16,5,0,88,117
1_702_0.mat,1_0_0702,240000,400,16,6,0,99,117
1_703_0.mat,1_0_0703,240000,400,16,1,0,100,118
1_704_0.mat,1_0_0704,240000,400,16,2,0,100,118
1_705_0.mat,1_0_0705,240000,400,16,3,0,100,118
1_706_0.mat,1_0_0706,240000,400,16,4,0,100,118
1_707_0.mat,1_0_0707,240000,400,16,5,0,100,118
1_708_0.mat,1_0_0708,240000,400,16,6,0,100,118
1_709_0.mat,1_0_0709,240000,400,16,1,0,95,119
1_710_0.mat,1_0_0710,240000,400,16,2,0,99,119
1_711_0.mat,1_0_0711,240000,400,16,3,0,100,119
1_712_0.mat,1_0_0712,240000,400,16,4,0,100,119
1_713_0.mat,1_0_0713,240000,400,16,5,0,100,119
1_714_0.mat,1_0_0714,240000,400,16,6,0,100,119
1_715_0.mat,1_0_0715,240000,400,16,1,0,100,120
1_716_0.mat,1_0_0716,240000,400,16,2,0,100,120
1_717_0.mat,1_0_0717,240000,400,16,3,0,100,120
1_718_0.mat,1_0_0718,240000,400,16,4,0,100,120
1_719_0.mat,1_0_0719,240000,400,16,5,0,100,120
1_720_0.mat,1_0_0720,240000,400,16,6,0,100,120
1_721_0.mat,1_0_0721,240000,400,16,1,0,100,121
1_722_0.mat,1_0_0722,240000,400,16,2,0,100,121
1_723_0.mat,1_0_0723,240000,400,16,3,0,100,121
1_724_0.mat,1_0_0724,240000,400,16,4,0,26,121
1_725_0.mat,1_0_0725,240000,400,16,5,0,22,121
1_726_0.mat,1_0_0726,240000,400,16,6,0,5,121
1_727_0.mat,1_0_0727,240000,400,16,1,0,97,122
1_728_0.mat,1_0_0728,240000,400,16,2,0,96,122
1_729_0.mat,1_0_0729,240000,400,16,3,0,97,122
1_730_0.mat,1_0_0730,240000,400,16,4,0,100,122
1_731_0.mat,1_0_0731,240000,400,16,5,0,100,122
1_732_0.mat,1_0_0732,240000,400,16,6,0,42,122
1_733_0.mat,1_0_0733,240000,400,16,1,0,88,123
1_734_0.mat,1_0_0734,240000,400,16,2,0,95,123
1_735_0.mat,1_0_0735,240000,400,16,3,0,90,123
1_736_0.mat,1_0_0736,240000,400,16,4,0,99,123
1_737_0.mat,1_0_0737,240000,400,16,5,0,100,123
1_738_0.mat,1_0_0738,240000,400,16,6,0,98,123
1_739_0.mat,1_0_0739,240000,400,16,1,0,100,124
1_740_0.mat,1_0_0740,240000,400,16,2,0,96,124
1_741_0.mat,1_0_0741,240000,400,16,3,0,98,124
1_742_0.mat,1_0_0742,240000,400,16,4,0,96,124
1_743_0.mat,1_0_0743,240000,400,16,5,0,99,124
1_744_0.mat,1_0_0744,240000,400,16,6,0,83,124
1_745_0.mat,1_0_0745,240000,400,16,1,0,95,125
1_746_0.mat,1_0_0746,240000,400,16,2,0,87,125
1_747_0.mat,1_0_0747,240000,400,16,3,0,100,125
1_748_0.mat,1_0_0748,240000,400,16,4,0,85,125
1_749_0.mat,1_0_0749,240000,400,16,5,0,89,125
1_750_0.mat,1_0_0750,240000,400,16,6,0,99,125
1_751_0.mat,1_0_0751,240000,400,16,1,0,93,126
1_752_0.mat,1_0_0752,240000,400,16,2,0,93,126
1_753_0.mat,1_0_0753,240000,400,16,3,0,86,126
1_754_0.mat,1_0_0754,240000,400,16,4,0,95,126
1_755_0.mat,1_0_0755,240000,400,16,5,0,100,126
1_756_0.mat,1_0_0756,240000,400,16,6,0,91,126
1_757_0.mat,1_0_0757,240000,400,16,1,0,2,127
1_758_0.mat,1_0_0758,240000,400,16,2,0,2,127
1_759_0.mat,1_0_0759,240000,400,16,3,0,55,127
1_760_0.mat,1_0_0760,240000,400,16,4,0,94,127
1_761_0.mat,1_0_0761,240000,400,16,5,0,81,127
1_762_0.mat,1_0_0762,240000,400,16,6,0,94,127
1_763_0.mat,1_0_0763,240000,400,16,1,0,99,128
1_764_0.mat,1_0_0764,240000,400,16,2,0,100,128
1_765_0.mat,1_0_0765,240000,400,16,3,0,96,128
1_766_0.mat,1_0_0766,240000,400,16,4,0,88,128
1_767_0.mat,1_0_0767,240000,400,16,5,0,90,128
1_768_0.mat,1_0_0768,240000,400,16,6,0,60,128
1_769_0.mat,1_0_0769,240000,400,16,1,0,100,129
1_770_0.mat,1_0_0770,240000,400,16,2,0,100,129
1_771_0.mat,1_0_0771,240000,400,16,3,0,100,129
1_772_0.mat,1_0_0772,240000,400,16,4,0,100,129
1_773_0.mat,1_0_0773,240000,400,16,5,0,100,129
1_774_0.mat,1_0_0774,240000,400,16,6,0,100,129
1_775_0.mat,1_0_0775,240000,400,16,1,0,100,130
1_776_0.mat,1_0_0776,240000,400,16,2,0,100,130
1_777_0.mat,1_0_0777,240000,400,16,3,0,100,130
1_778_0.mat,1_0_0778,240000,400,16,4,0,100,130
1_779_0.mat,1_0_0779,240000,400,16,5,0,100,130
1_780_0.mat,1_0_0780,240000,400,16,6,0,100,130
1_781_0.mat,1_0_0781,240000,400,16,1,0,100,131
1_782_0.mat,1_0_0782,240000,400,16,2,0,100,131
1_783_0.mat,1_0_0783,240000,400,16,3,0,100,131
1_784_0.mat,1_0_0784,240000,400,16,4,0,100,131
1_785_0.mat,1_0_0785,240000,400,16,5,0,98,131
1_786_0.mat,1_0_0786,240000,400,16,6,0,99,131
1_787_0.mat,1_0_0787,240000,400,16,1,0,100,132
1_788_0.mat,1_0_0788,240000,400,16,2,0,100,132
1_789_0.mat,1_0_0789,240000,400,16,3,0,100,132
1_790_0.mat,1_0_0790,240000,400,16,4,0,100,132
1_791_0.mat,1_0_0791,240000,400,16,5,0,100,132
1_792_0.mat,1_0_0792,240000,400,16,6,0,100,132
1_793_0.mat,1_0_0793,240000,400,16,1,0,100,133
1_794_0.mat,1_0_0794,240000,400,16,2,0,98,133
1_795_0.mat,1_0_0795,240000,400,16,3,0,100,133
1_796_0.mat,1_0_0796,240000,400,16,4,0,100,133
1_797_0.mat,1_0_0797,240000,400,16,5,0,100,133
1_798_0.mat,1_0_0798,240000,400,16,6,0,100,133
1_799_0.mat,1_0_0799,240000,400,16,1,0,100,134
1_800_0.mat,1_0_0800,240000,400,16,2,0,100,134
1_801_0.mat,1_0_0801,240000,400,16,3,0,100,134
1_802_0.mat,1_0_0802,240000,400,16,4,0,100,134
1_803_0.mat,1_0_0803,240000,400,16,5,0,99,134
1_804_0.mat,1_0_0804,240000,400,16,6,0,100,134
1_805_0.mat,1_0_0805,240000,400,16,1,0,100,135
1_806_0.mat,1_0_0806,240000,400,16,2,0,100,135
1_807_0.mat,1_0_0807,240000,400,16,3,0,100,135
1_808_0.mat,1_0_0808,240000,400,16,4,0,83,135
1_809_0.mat,1_0_0809,240000,400,16,5,0,77,135
1_810_0.mat,1_0_0810,240000,400,16,6,0,100,135
1_811_0.mat,1_0_0811,240000,400,16,1,0,100,136
1_812_0.mat,1_0_0812,240000,400,16,2,0,98,136
1_813_0.mat,1_0_0813,240000,400,16,3,0,99,136
1_814_0.mat,1_0_0814,240000,400,16,4,0,91,136
1_815_0.mat,1_0_0815,240000,400,16,5,0,100,136
1_816_0.mat,1_0_0816,240000,400,16,6,0,23,136
1_817_0.mat,1_0_0817,240000,400,16,1,0,0,137
1_818_0.mat,1_0_0818,240000,400,16,2,0,4,137
1_819_0.mat,1_0_0819,240000,400,16,3,0,100,137
1_820_0.mat,1_0_0820,240000,400,16,4,0,100,137
1_821_0.mat,1_0_0821,240000,400,16,5,0,100,137
1_822_0.mat,1_0_0822,240000,400,16,6,0,100,137
1_823_0.mat,1_0_0823,240000,400,16,1,0,0,138
1_824_0.mat,1_0_0824,240000,400,16,2,0,5,138
1_825_0.mat,1_0_0825,240000,400,16,3,0,23,138
1_826_0.mat,1_0_0826,240000,400,16,4,0,99,138
1_827_0.mat,1_0_0827,240000,400,16,5,0,100,138
1_828_0.mat,1_0_0828,240000,400,16,6,0,100,138
1_829_0.mat,1_0_0829,240000,400,16,1,0,100,139
1_830_0.mat,1_0_0830,240000,400,16,2,0,100,139
1_831_0.mat,1_0_0831,240000,400,16,3,0,96,139
1_832_0.mat,1_0_0832,240000,400,16,4,0,97,139
1_833_0.mat,1_0_0833,240000,400,16,5,0,95,139
1_834_0.mat,1_0_0834,240000,400,16,6,0,90,139
1_835_0.mat,1_0_0835,240000,400,16,1,0,2,140
1_836_0.mat,1_0_0836,240000,400,16,2,0,21,140
1_837_0.mat,1_0_0837,240000,400,16,3,0,47,140
1_838_0.mat,1_0_0838,240000,400,16,4,0,73,140
1_839_0.mat,1_0_0839,240000,400,16,5,0,99,140
1_840_0.mat,1_0_0840,240000,400,16,6,0,100,140
1_841_0.mat,1_0_0841,240000,400,16,1,0,95,141
1_842_0.mat,1_0_0842,240000,400,16,2,0,79,141
1_843_0.mat,1_0_0843,240000,400,16,3,0,89,141
1_844_0.mat,1_0_0844,240000,400,16,4,0,63,141
1_845_0.mat,1_0_0845,240000,400,16,5,0,91,141
1_846_0.mat,1_0_0846,240000,400,16,6,0,100,141
1_847_0.mat,1_0_0847,240000,400,16,1,0,100,142
1_848_0.mat,1_0_0848,240000,400,16,2,0,99,142
1_849_0.mat,1_0_0849,240000,400,16,3,0,100,142
1_850_0.mat,1_0_0850,240000,400,16,4,0,100,142
1_851_0.mat,1_0_0851,240000,400,16,5,0,100,142
1_852_0.mat,1_0_0852,240000,400,16,6,0,100,142
1_853_0.mat,1_0_0853,240000,400,16,1,0,77,143
1_854_0.mat,1_0_0854,240000,400,16,2,0,78,143
1_855_0.mat,1_0_0855,240000,400,16,3,0,99,143
1_856_0.mat,1_0_0856,240000,400,16,4,0,93,143
1_857_0.mat,1_0_0857,240000,400,16,5,0,56,143
1_858_0.mat,1_0_0858,240000,400,16,6,0,71,143
1_859_0.mat,1_0_0859,240000,400,16,1,0,100,144
1_860_0.mat,1_0_0860,240000,400,16,2,0,100,144
1_861_0.mat,1_0_0861,240000,400,16,3,0,71,144
1_862_0.mat,1_0_0862,240000,400,16,4,0,100,144
1_863_0.mat,1_0_0863,240000,400,16,5,0,100,144
1_864_0.mat,1_0_0864,240000,400,16,6,0,100,144
1_865_0.mat,1_0_0865,240000,400,16,1,0,80,145
1_866_0.mat,1_0_0866,240000,400,16,2,0,40,145
1_867_0.mat,1_0_0867,240000,400,16,3,0,47,145
1_868_0.mat,1_0_0868,240000,400,16,4,0,70,145
1_869_0.mat,1_0_0869,240000,400,16,5,0,61,145
1_870_0.mat,1_0_0870,240000,400,16,6,0,87,145
1_871_0.mat,1_0_0871,240000,400,16,1,0,100,146
1_872_0.mat,1_0_0872,240000,400,16,2,0,100,146
1_873_0.mat,1_0_0873,240000,400,16,3,0,100,146
1_874_0.mat,1_0_0874,240000,400,16,4,0,100,146
1_875_0.mat,1_0_0875,240000,400,16,5,0,100,146
1_876_0.mat,1_0_0876,240000,400,16,6,0,100,146
1_877_0.mat,1_0_0877,240000,400,16,1,0,100,147
1_878_0.mat,1_0_0878,240000,400,16,2,0,100,147
1_879_0.mat,1_0_0879,240000,400,16,3,0,100,147
1_880_0.mat,1_0_0880,240000,400,16,4,0,100,147
1_881_0.mat,1_0_0881,240000,400,16,5,0,100,147
1_882_0.mat,1_0_0882,240000,400,16,6,0,100,147
1_883_0.mat,1_0_0883,240000,400,16,1,0,69,148
1_884_0.mat,1_0_0884,240000,400,16,2,0,93,148
1_885_0.mat,1_0_0885,240000,400,16,3,0,77,148
1_886_0.mat,1_0_0886,240000,400,16,4,0,95,148
1_887_0.mat,1_0_0887,240000,400,16,5,0,100,148
1_888_0.mat,1_0_0888,240000,400,16,6,0,100,148
1_889_0.mat,1_0_0889,240000,400,16,1,0,98,149
1_890_0.mat,1_0_0890,240000,400,16,2,0,100,149
1_891_0.mat,1_0_0891,240000,400,16,3,0,100,149
1_892_0.mat,1_0_0892,240000,400,16,4,0,100,149
1_893_0.mat,1_0_0893,240000,400,16,5,0,100,149
1_894_0.mat,1_0_0894,240000,400,16,6,0,100,149
1_895_0.mat,1_0_0895,240000,400,16,1,0,100,150
1_896_0.mat,1_0_0896,240000,400,16,2,0,100,150
1_897_0.mat,1_0_0897,240000,400,16,3,0,49,150
1_898_0.mat,1_0_0898,240000,400,16,4,0,49,150
1_899_0.mat,1_0_0899,240000,400,16,5,0,100,150
1_900_0.mat,1_0_0900,240000,400,16,6,0,100,150
1_901_0.mat,1_0_0901,240000,400,16,1,0,100,151
1_902_0.mat,1_0_0902,240000,400,16,2,0,92,151
1_903_0.mat,1_0_0903,240000,400,16,3,0,89,151
1_904_0.mat,1_0_0904,240000,400,16,4,0,8,151
1_905_0.mat,1_0_0905,240000,400,16,5,0,63,151
1_906_0.mat,1_0_0906,240000,400,16,6,0,1,151
1_907_0.mat,1_0_0907,240000,400,16,1,0,77,152
1_908_0.mat,1_0_0908,240000,400,16,2,0,94,152
1_909_0.mat,1_0_0909,240000,400,16,3,0,86,152
1_910_0.mat,1_0_0910,240000,400,16,4,0,100,152
1_911_0.mat,1_0_0911,240000,400,16,5,0,100,152
1_912_0.mat,1_0_0912,240000,400,16,6,0,100,152
1_913_0.mat,1_0_0913,240000,400,16,1,0,64,153
1_914_0.mat,1_0_0914,240000,400,16,2,0,76,153
1_915_0.mat,1_0_0915,240000,400,16,3,0,72,153
1_916_0.mat,1_0_0916,240000,400,16,4,0,34,153
1_917_0.mat,1_0_0917,240000,400,16,5,0,17,153
1_918_0.mat,1_0_0918,240000,400,16,6,0,95,153
1_919_0.mat,1_0_0919,240000,400,16,1,0,100,154
1_920_0.mat,1_0_0920,240000,400,16,2,0,100,154
1_921_0.mat,1_0_0921,240000,400,16,3,0,79,154
1_922_0.mat,1_0_0922,240000,400,16,4,0,99,154
1_923_0.mat,1_0_0923,240000,400,16,5,0,81,154
1_924_0.mat,1_0_0924,240000,400,16,6,0,100,154
1_925_0.mat,1_0_0925,240000,400,16,1,0,92,155
1_926_0.mat,1_0_0926,240000,400,16,2,0,66,155
1_927_0.mat,1_0_0927,240000,400,16,3,0,5,155
1_928_0.mat,1_0_0928,240000,400,16,4,0,62,155
1_929_0.mat,1_0_0929,240000,400,16,5,0,100,155
1_930_0.mat,1_0_0930,240000,400,16,6,0,100,155
1_931_0.mat,1_0_0931,240000,400,16,1,0,100,156
1_932_0.mat,1_0_0932,240000,400,16,2,0,38,156
1_933_0.mat,1_0_0933,240000,400,16,3,0,0,156
1_934_0.mat,1_0_0934,240000,400,16,4,0,83,156
1_935_0.mat,1_0_0935,240000,400,16,5,0,100,156
1_936_0.mat,1_0_0936,240000,400,16,6,0,69,156
1_937_0.mat,1_0_0937,240000,400,16,1,0,0,157
1_938_0.mat,1_0_0938,240000,400,16,2,0,59,157
1_939_0.mat,1_0_0939,240000,400,16,3,0,100,157
1_940_0.mat,1_0_0940,240000,400,16,4,0,98,157
1_941_0.mat,1_0_0941,240000,400,16,5,0,62,157
1_942_0.mat,1_0_0942,240000,400,16,6,0,97,157
1_943_0.mat,1_0_0943,240000,400,16,1,0,98,158
1_944_0.mat,1_0_0944,240000,400,16,2,0,100,158
1_945_0.mat,1_0_0945,240000,400,16,3,0,100,158
1_946_0.mat,1_0_0946,240000,400,16,4,0,100,158
1_947_0.mat,1_0_0947,240000,400,16,5,0,100,158
1_948_0.mat,1_0_0948,240000,400,16,6,0,98,158
1_949_0.mat,1_0_0949,240000,400,16,1,0,53,159
1_950_0.mat,1_0_0950,240000,400,16,2,0,82,159
1_951_0.mat,1_0_0951,240000,400,16,3,0,45,159
1_952_0.mat,1_0_0952,240000,400,16,4,0,100,159
1_953_0.mat,1_0_0953,240000,400,16,5,0,100,159
1_954_0.mat,1_0_0954,240000,400,16,6,0,100,159
1_955_0.mat,1_0_0955,240000,400,16,1,0,100,160
1_956_0.mat,1_0_0956,240000,400,16,2,0,100,160
1_957_0.mat,1_0_0957,240000,400,16,3,0,100,160
1_958_0.mat,1_0_0958,240000,400,16,4,0,100,160
1_959_0.mat,1_0_0959,240000,400,16,5,0,100,160
1_960_0.mat,1_0_0960,240000,400,16,6,0,95,160
1_961_0.mat,1_0_0961,240000,400,16,1,0,0,161
1_962_0.mat,1_0_0962,240000,400,16,2,0,0,161
1_963_0.mat,1_0_0963,240000,400,16,3,0,67,161
1_964_0.mat,1_0_0964,240000,400,16,4,0,100,161
1_965_0.mat,1_0_0965,240000,400,16,5,0,100,161
1_966_0.mat,1_0_0966,240000,400,16,6,0,85,161
1_967_0.mat,1_0_0967,240000,400,16,1,0,100,162
1_968_0.mat,1_0_0968,240000,400,16,2,0,100,162
1_969_0.mat,1_0_0969,240000,400,16,3,0,16,162
1_970_0.mat,1_0_0970,240000,400,16,4,0,100,162
1_971_0.mat,1_0_0971,240000,400,16,5,0,40,162
1_972_0.mat,1_0_0972,240000,400,16,6,0,100,162
1_973_0.mat,1_0_0973,240000,400,16,1,0,80,163
1_974_0.mat,1_0_0974,240000,400,16,2,0,0,163
1_975_0.mat,1_0_0975,240000,400,16,3,0,59,163
1_976_0.mat,1_0_0976,240000,400,16,4,0,76,163
1_977_0.mat,1_0_0977,240000,400,16,5,0,98,163
1_978_0.mat,1_0_0978,240000,400,16,6,0,77,163
1_979_0.mat,1_0_0979,240000,400,16,1,0,88,164
1_980_0.mat,1_0_0980,240000,400,16,2,0,98,164
1_981_0.mat,1_0_0981,240000,400,16,3,0,100,164
1_982_0.mat,1_0_0982,240000,400,16,4,0,25,164
1_983_0.mat,1_0_0983,240000,400,16,5,0,70,164
1_984_0.mat,1_0_0984,240000,400,16,6,0,90,164
1_985_0.mat,1_0_0985,240000,400,16,1,0,73,165
1_986_0.mat,1_0_0986,240000,400,16,2,0,93,165
1_987_0.mat,1_0_0987,240000,400,16,3,0,100,165
1_988_0.mat,1_0_0988,240000,400,16,4,0,35,165
1_989_0.mat,1_0_0989,240000,400,16,5,0,100,165
1_990_0.mat,1_0_0990,240000,400,16,6,0,100,165
1_991_0.mat,1_0_0991,240000,400,16,1,0,99,166
1_992_0.mat,1_0_0992,240000,400,16,2,0,100,166
1_993_0.mat,1_0_0993,240000,400,16,3,0,100,166
1_994_0.mat,1_0_0994,240000,400,16,4,0,55,166
1_995_0.mat,1_0_0995,240000,400,16,5,0,100,166
1_996_0.mat,1_0_0996,240000,400,16,6,0,71,166
1_997_0.mat,1_0_0997,240000,400,16,1,0,100,167
1_998_0.mat,1_0_0998,240000,400,16,2,0,100,167
1_999_0.mat,1_0_0999,240000,400,16,3,0,98,167
1_1000_0.mat,1_0_1000,240000,400,16,4,0,100,167
1_1001_0.mat,1_0_1001,240000,400,16,5,0,100,167
1_1002_0.mat,1_0_1002,240000,400,16,6,0,100,167
1_1003_0.mat,1_0_1003,240000,400,16,1,0,58,168
1_1004_0.mat,1_0_1004,240000,400,16,2,0,73,168
1_1005_0.mat,1_0_1005,240000,400,16,3,0,100,168
1_1006_0.mat,1_0_1006,240000,400,16,4,0,100,168
1_1007_0.mat,1_0_1007,240000,400,16,5,0,92,168
1_1008_0.mat,1_0_1008,240000,400,16,6,0,54,168
1_1009_0.mat,1_0_1009,240000,400,16,1,0,100,169
1_1010_0.mat,1_0_1010,240000,400,16,2,0,100,169
1_1011_0.mat,1_0_1011,240000,400,16,3,0,100,169
1_1012_0.mat,1_0_1012,240000,400,16,4,0,91,169
1_1013_0.mat,1_0_1013,240000,400,16,5,0,13,169
1_1014_0.mat,1_0_1014,240000,400,16,6,0,35,169
1_1015_0.mat,1_0_1015,240000,400,16,1,0,70,170
1_1016_0.mat,1_0_1016,240000,400,16,2,0,81,170
1_1017_0.mat,1_0_1017,240000,400,16,3,0,44,170
1_1018_0.mat,1_0_1018,240000,400,16,4,0,41,170
1_1019_0.mat,1_0_1019,240000,400,16,5,0,62,170
1_1020_0.mat,1_0_1020,240000,400,16,6,0,48,170
1_1021_0.mat,1_0_1021,240000,400,16,1,0,91,171
1_1022_0.mat,1_0_1022,240000,400,16,2,0,71,171
1_1023_0.mat,1_0_1023,240000,400,16,3,0,2,171
1_1024_0.mat,1_0_1024,240000,400,16,4,0,53,171
1_1025_0.mat,1_0_1025,240000,400,16,5,0,84,171
1_1026_0.mat,1_0_1026,240000,400,16,6,0,100,171
1_1027_0.mat,1_0_1027,240000,400,16,1,0,18,172
1_1028_0.mat,1_0_1028,240000,400,16,2,0,99,172
1_1029_0.mat,1_0_1029,240000,400,16,3,0,99,172
1_1030_0.mat,1_0_1030,240000,400,16,4,0,100,172
1_1031_0.mat,1_0_1031,240000,400,16,5,0,100,172
1_1032_0.mat,1_0_1032,240000,400,16,6,0,100,172
1_1033_0.mat,1_0_1033,240000,400,16,1,0,100,173
1_1034_0.mat,1_0_1034,240000,400,16,2,0,100,173
1_1035_0.mat,1_0_1035,240000,400,16,3,0,100,173
1_1036_0.mat,1_0_1036,240000,400,16,4,0,100,173
1_1037_0.mat,1_0_1037,240000,400,16,5,0,100,173
1_1038_0.mat,1_0_1038,240000,400,16,6,0,100,173
1_1039_0.mat,1_0_1039,240000,400,16,1,0,100,174
1_1040_0.mat,1_0_1040,240000,400,16,2,0,100,174
1_1041_0.mat,1_0_1041,240000,400,16,3,0,100,174
1_1042_0.mat,1_0_1042,240000,400,16,4,0,100,174
1_1043_0.mat,1_0_1043,240000,400,16,5,0,100,174
1_1044_0.mat,1_0_1044,240000,400,16,6,0,100,174
1_1045_0.mat,1_0_1045,240000,400,16,1,0,100,175
1_1046_0.mat,1_0_1046,240000,400,16,2,0,100,175
1_1047_0.mat,1_0_1047,240000,400,16,3,0,100,175
1_1048_0.mat,1_0_1048,240000,400,16,4,0,100,175
1_1049_0.mat,1_0_1049,240000,400,16,5,0,100,175
1_1050_0.mat,1_0_1050,240000,400,16,6,0,100,175
1_1051_0.mat,1_0_1051,240000,400,16,1,0,100,176
1_1052_0.mat,1_0_1052,240000,400,16,2,0,100,176
1_1053_0.mat,1_0_1053,240000,400,16,3,0,100,176
1_1054_0.mat,1_0_1054,240000,400,16,4,0,100,176
1_1055_0.mat,1_0_1055,240000,400,16,5,0,100,176
1_1056_0.mat,1_0_1056,240000,400,16,6,0,100,176
1_1057_0.mat,1_0_1057,240000,400,16,1,0,100,177
1_1058_0.mat,1_0_1058,240000,400,16,2,0,100,177
1_1059_0.mat,1_0_1059,240000,400,16,3,0,100,177
1_1060_0.mat,1_0_1060,240000,400,16,4,0,100,177
1_1061_0.mat,1_0_1061,240000,400,16,5,0,100,177
1_1062_0.mat,1_0_1062,240000,400,16,6,0,100,177
1_1063_0.mat,1_0_1063,240000,400,16,1,0,100,178
1_1064_0.mat,1_0_1064,240000,400,16,2,0,83,178
1_1065_0.mat,1_0_1065,240000,400,16,3,0,97,178
1_1066_0.mat,1_0_1066,240000,400,16,4,0,98,178
1_1067_0.mat,1_0_1067,240000,400,16,5,0,100,178
1_1068_0.mat,1_0_1068,240000,400,16,6,0,81,178
1_1069_0.mat,1_0_1069,240000,400,16,1,0,99,179
1_1070_0.mat,1_0_1070,240000,400,16,2,0,99,179
1_1071_0.mat,1_0_1071,240000,400,16,3,0,92,179
1_1072_0.mat,1_0_1072,240000,400,16,4,0,94,179
1_1073_0.mat,1_0_1073,240000,400,16,5,0,45,179
1_1074_0.mat,1_0_1074,240000,400,16,6,0,53,179
1_1075_0.mat,1_0_1075,240000,400,16,1,0,36,180
1_1076_0.mat,1_0_1076,240000,400,16,2,0,100,180
1_1077_0.mat,1_0_1077,240000,400,16,3,0,100,180
1_1078_0.mat,1_0_1078,240000,400,16,4,0,100,180
1_1079_0.mat,1_0_1079,240000,400,16,5,0,78,180
1_1080_0.mat,1_0_1080,240000,400,16,6,0,68,180
1_1081_0.mat,1_0_1081,240000,400,16,1,0,100,181
1_1082_0.mat,1_0_1082,240000,400,16,2,0,100,181
1_1083_0.mat,1_0_1083,240000,400,16,3,0,100,181
1_1084_0.mat,1_0_1084,240000,400,16,4,0,84,181
1_1085_0.mat,1_0_1085,240000,400,16,5,0,99,181
1_1086_0.mat,1_0_1086,240000,400,16,6,0,67,181
1_1087_0.mat,1_0_1087,240000,400,16,1,0,0,182
1_1088_0.mat,1_0_1088,240000,400,16,2,0,0,182
1_1089_0.mat,1_0_1089,240000,400,16,3,0,44,182
1_1090_0.mat,1_0_1090,240000,400,16,4,0,100,182
1_1091_0.mat,1_0_1091,240000,400,16,5,0,100,182
1_1092_0.mat,1_0_1092,240000,400,16,6,0,100,182
1_1093_0.mat,1_0_1093,240000,400,16,1,0,0,183
1_1094_0.mat,1_0_1094,240000,400,16,2,0,33,183
1_1095_0.mat,1_0_1095,240000,400,16,3,0,100,183
1_1096_0.mat,1_0_1096,240000,400,16,4,0,100,183
1_1097_0.mat,1_0_1097,240000,400,16,5,0,100,183
1_1098_0.mat,1_0_1098,240000,400,16,6,0,100,183
1_1099_0.mat,1_0_1099,240000,400,16,1,0,100,184
1_1100_0.mat,1_0_1100,240000,400,16,2,0,100,184
1_1101_0.mat,1_0_1101,240000,400,16,3,0,100,184
1_1102_0.mat,1_0_1102,240000,400,16,4,0,100,184
1_1103_0.mat,1_0_1103,240000,400,16,5,0,100,184
1_1104_0.mat,1_0_1104,240000,400,16,6,0,99,184
1_1105_0.mat,1_0_1105,240000,400,16,1,0,89,185
1_1106_0.mat,1_0_1106,240000,400,16,2,0,100,185
1_1107_0.mat,1_0_1107,240000,400,16,3,0,96,185
1_1108_0.mat,1_0_1108,240000,400,16,4,0,93,185
1_1109_0.mat,1_0_1109,240000,400,16,5,0,86,185
1_1110_0.mat,1_0_1110,240000,400,16,6,0,90,185
1_1111_0.mat,1_0_1111,240000,400,16,1,0,100,186
1_1112_0.mat,1_0_1112,240000,400,16,2,0,92,186
1_1113_0.mat,1_0_1113,240000,400,16,3,0,12,186
1_1114_0.mat,1_0_1114,240000,400,16,4,0,44,186
1_1115_0.mat,1_0_1115,240000,400,16,5,0,88,186
1_1116_0.mat,1_0_1116,240000,400,16,6,0,99,186
1_1117_0.mat,1_0_1117,240000,400,16,1,0,24,187
1_1118_0.mat,1_0_1118,240000,400,16,2,0,33,187
1_1119_0.mat,1_0_1119,240000,400,16,3,0,27,187
1_1120_0.mat,1_0_1120,240000,400,16,4,0,100,187
1_1121_0.mat,1_0_1121,240000,400,16,5,0,100,187
1_1122_0.mat,1_0_1122,240000,400,16,6,0,100,187
1_1123_0.mat,1_0_1123,240000,400,16,1,0,100,188
1_1124_0.mat,1_0_1124,240000,400,16,2,0,100,188
1_1125_0.mat,1_0_1125,240000,400,16,3,0,100,188
1_1126_0.mat,1_0_1126,240000,400,16,4,0,30,188
1_1127_0.mat,1_0_1127,240000,400,16,5,0,39,188
1_1128_0.mat,1_0_1128,240000,400,16,6,0,69,188
1_1129_0.mat,1_0_1129,240000,400,16,1,0,47,189
1_1130_0.mat,1_0_1130,240000,400,16,2,0,92,189
1_1131_0.mat,1_0_1131,240000,400,16,3,0,37,189
1_1132_0.mat,1_0_1132,240000,400,16,4,0,0,189
1_1133_0.mat,1_0_1133,240000,400,16,5,0,36,189
1_1134_0.mat,1_0_1134,240000,400,16,6,0,100,189
1_1135_0.mat,1_0_1135,240000,400,16,1,0,45,190
1_1136_0.mat,1_0_1136,240000,400,16,2,0,56,190
1_1137_0.mat,1_0_1137,240000,400,16,3,0,100,190
1_1138_0.mat,1_0_1138,240000,400,16,4,0,100,190
1_1139_0.mat,1_0_1139,240000,400,16,5,0,48,190
1_1140_0.mat,1_0_1140,240000,400,16,6,0,23,190
1_1141_0.mat,1_0_1141,240000,400,16,1,0,81,191
1_1142_0.mat,1_0_1142,240000,400,16,2,0,0,191
1_1143_0.mat,1_0_1143,240000,400,16,3,0,34,191
1_1144_0.mat,1_0_1144,240000,400,16,4,0,99,191
1_1145_0.mat,1_0_1145,240000,400,16,5,0,100,191
1_1146_0.mat,1_0_1146,240000,400,16,6,0,100,191
1_1147_0.mat,1_0_1147,240000,400,16,1,0,0,192
1_1148_0.mat,1_0_1148,240000,400,16,2,0,87,192
1_1149_0.mat,1_0_1149,240000,400,16,3,0,100,192
1_1150_0.mat,1_0_1150,240000,400,16,4,0,100,192
1_1151_0.mat,1_0_1151,240000,400,16,5,0,100,192
1_1152_0.mat,1_0_1152,240000,400,16,6,0,84,192
1_1_1.mat,1_1_0001,240000,400,16,1,1,98,193
1_2_1.mat,1_1_0002,240000,400,16,2,1,98,193
1_3_1.mat,1_1_0003,240000,400,16,3,1,94,193
1_4_1.mat,1_1_0004,240000,400,16,4,1,98,193
1_5_1.mat,1_1_0005,240000,400,16,5,1,99,193
1_6_1.mat,1_1_0006,240000,400,16,6,1,95,193
1_7_1.mat,1_1_0007,240000,400,16,1,1,93,194
1_8_1.mat,1_1_0008,240000,400,16,2,1,98,194
1_9_1.mat,1_1_0009,240000,400,16,3,1,100,194
1_10_1.mat,1_1_0010,240000,400,16,4,1,100,194
1_11_1.mat,1_1_0011,240000,400,16,5,1,100,194
1_12_1.mat,1_1_0012,240000,400,16,6,1,100,194
1_13_1.mat,1_1_0013,240000,400,16,1,1,97,195
1_14_1.mat,1_1_0014,240000,400,16,2,1,100,195
1_15_1.mat,1_1_0015,240000,400,16,3,1,99,195
1_16_1.mat,1_1_0016,240000,400,16,4,1,100,195
1_17_1.mat,1_1_0017,240000,400,16,5,1,100,195
1_18_1.mat,1_1_0018,240000,400,16,6,1,100,195
1_19_1.mat,1_1_0019,240000,400,16,1,1,100,196
1_20_1.mat,1_1_0020,240000,400,16,2,1,100,196
1_21_1.mat,1_1_0021,240000,400,16,3,1,100,196
1_22_1.mat,1_1_0022,240000,400,16,4,1,100,196
1_23_1.mat,1_1_0023,240000,400,16,5,1,100,196
1_24_1.mat,1_1_0024,240000,400,16,6,1,100,196
1_25_1.mat,1_1_0025,240000,400,16,1,1,100,197
1_26_1.mat,1_1_0026,240000,400,16,2,1,100,197
1_27_1.mat,1_1_0027,240000,400,16,3,1,100,197
1_28_1.mat,1_1_0028,240000,400,16,4,1,100,197
1_29_1.mat,1_1_0029,240000,400,16,5,1,100,197
1_30_1.mat,1_1_0030,240000,400,16,6,1,99,197
1_31_1.mat,1_1_0031,240000,400,16,1,1,100,198
1_32_1.mat,1_1_0032,240000,400,16,2,1,100,198
1_33_1.mat,1_1_0033,240000,400,16,3,1,100,198
1_34_1.mat,1_1_0034,240000,400,16,4,1,100,198
1_35_1.mat,1_1_0035,240000,400,16,5,1,100,198
1_36_1.mat,1_1_0036,240000,400,16,6,1,100,198
1_37_1.mat,1_1_0037,240000,400,16,1,1,100,199
1_38_1.mat,1_1_0038,240000,400,16,2,1,100,199
1_39_1.mat,1_1_0039,240000,400,16,3,1,100,199
1_40_1.mat,1_1_0040,240000,400,16,4,1,100,199
1_41_1.mat,1_1_0041,240000,400,16,5,1,100,199
1_42_1.mat,1_1_0042,240000,400,16,6,1,100,199
1_43_1.mat,1_1_0043,240000,400,16,1,1,88,200
1_44_1.mat,1_1_0044,240000,400,16,2,1,95,200
1_45_1.mat,1_1_0045,240000,400,16,3,1,95,200
1_46_1.mat,1_1_0046,240000,400,16,4,1,96,200
1_47_1.mat,1_1_0047,240000,400,16,5,1,90,200
1_48_1.mat,1_1_0048,240000,400,16,6,1,99,200
1_49_1.mat,1_1_0049,240000,400,16,1,1,96,201
1_50_1.mat,1_1_0050,240000,400,16,2,1,98,201
1_51_1.mat,1_1_0051,240000,400,16,3,1,96,201
1_52_1.mat,1_1_0052,240000,400,16,4,1,97,201
1_53_1.mat,1_1_0053,240000,400,16,5,1,98,201
1_54_1.mat,1_1_0054,240000,400,16,6,1,99,201
1_55_1.mat,1_1_0055,240000,400,16,1,1,100,202
1_56_1.mat,1_1_0056,240000,400,16,2,1,100,202
1_57_1.mat,1_1_0057,240000,400,16,3,1,42,202
1_58_1.mat,1_1_0058,240000,400,16,4,1,0,202
1_59_1.mat,1_1_0059,240000,400,16,5,1,61,202
1_60_1.mat,1_1_0060,240000,400,16,6,1,68,202
1_61_1.mat,1_1_0061,240000,400,16,1,1,0,203
1_62_1.mat,1_1_0062,240000,400,16,2,1,0,203
1_63_1.mat,1_1_0063,240000,400,16,3,1,0,203
1_64_1.mat,1_1_0064,240000,400,16,4,1,0,203
1_65_1.mat,1_1_0065,240000,400,16,5,1,3,203
1_66_1.mat,1_1_0066,240000,400,16,6,1,94,203
1_67_1.mat,1_1_0067,240000,400,16,1,1,100,204
1_68_1.mat,1_1_0068,240000,400,16,2,1,98,204
1_69_1.mat,1_1_0069,240000,400,16,3,1,61,204
1_70_1.mat,1_1_0070,240000,400,16,4,1,56,204
1_71_1.mat,1_1_0071,240000,400,16,5,1,100,204
1_72_1.mat,1_1_0072,240000,400,16,6,1,100,204
1_73_1.mat,1_1_0073,240000,400,16,1,1,100,205
1_74_1.mat,1_1_0074,240000,400,16,2,1,100,205
1_75_1.mat,1_1_0075,240000,400,16,3,1,100,205
1_76_1.mat,1_1_0076,240000,400,16,4,1,100,205
1_77_1.mat,1_1_0077,240000,400,16,5,1,100,205
1_78_1.mat,1_1_0078,240000,400,16,6,1,100,205
1_79_1.mat,1_1_0079,240000,400,16,1,1,99,206
1_80_1.mat,1_1_0080,240000,400,16,2,1,100,206
1_81_1.mat,1_1_0081,240000,400,16,3,1,100,206
1_82_1.mat,1_1_0082,240000,400,16,4,1,100,206
1_83_1.mat,1_1_0083,240000,400,16,5,1,100,206
1_84_1.mat,1_1_0084,240000,400,16,6,1,100,206
1_85_1.mat,1_1_0085,240000,400,16,1,1,65,207
1_86_1.mat,1_1_0086,240000,400,16,2,1,100,207
1_87_1.mat,1_1_0087,240000,400,16,3,1,100,207
1_88_1.mat,1_1_0088,240000,400,16,4,1,100,207
1_89_1.mat,1_1_0089,240000,400,16,5,1,100,207
1_90_1.mat,1_1_0090,240000,400,16,6,1,100,207
1_91_1.mat,1_1_0091,240000,400,16,1,1,100,208
1_92_1.mat,1_1_0092,240000,400,16,2,1,100,208
1_93_1.mat,1_1_0093,240000,400,16,3,1,100,208
1_94_1.mat,1_1_0094,240000,400,16,4,1,100,208
1_95_1.mat,1_1_0095,240000,400,16,5,1,100,208
1_96_1.mat,1_1_0096,240000,400,16,6,1,100,208
1_97_1.mat,1_1_0097,240000,400,16,1,1,0,209
1_98_1.mat,1_1_0098,240000,400,16,2,1,0,209
1_99_1.mat,1_1_0099,240000,400,16,3,1,38,209
1_100_1.mat,1_1_0100,240000,400,16,4,1,99,209
1_101_1.mat,1_1_0101,240000,400,16,5,1,87,209
1_102_1.mat,1_1_0102,240000,400,16,6,1,99,209
1_103_1.mat,1_1_0103,240000,400,16,1,1,100,210
1_104_1.mat,1_1_0104,240000,400,16,2,1,99,210
1_105_1.mat,1_1_0105,240000,400,16,3,1,51,210
1_106_1.mat,1_1_0106,240000,400,16,4,1,42,210
1_107_1.mat,1_1_0107,240000,400,16,5,1,4,210
1_108_1.mat,1_1_0108,240000,400,16,6,1,25,210
1_109_1.mat,1_1_0109,240000,400,16,1,1,100,211
1_110_1.mat,1_1_0110,240000,400,16,2,1,98,211
1_111_1.mat,1_1_0111,240000,400,16,3,1,99,211
1_112_1.mat,1_1_0112,240000,400,16,4,1,99,211
1_113_1.mat,1_1_0113,240000,400,16,5,1,100,211
1_114_1.mat,1_1_0114,240000,400,16,6,1,100,211
1_115_1.mat,1_1_0115,240000,400,16,1,1,98,212
1_116_1.mat,1_1_0116,240000,400,16,2,1,62,212
1_117_1.mat,1_1_0117,240000,400,16,3,1,65,212
1_118_1.mat,1_1_0118,240000,400,16,4,1,94,212
1_119_1.mat,1_1_0119,240000,400,16,5,1,100,212
1_120_1.mat,1_1_0120,240000,400,16,6,1,100,212
1_121_1.mat,1_1_0121,240000,400,16,1,1,0,213
1_122_1.mat,1_1_0122,240000,400,16,2,1,29,213
1_123_1.mat,1_1_0123,240000,400,16,3,1,98,213
1_124_1.mat,1_1_0124,240000,400,16,4,1,69,213
1_125_1.mat,1_1_0125,240000,400,16,5,1,22,213
1_126_1.mat,1_1_0126,240000,400,16,6,1,3,213
1_127_1.mat,1_1_0127,240000,400,16,1,1,87,214
1_128_1.mat,1_1_0128,240000,400,16,2,1,69,214
1_129_1.mat,1_1_0129,240000,400,16,3,1,100,214
1_130_1.mat,1_1_0130,240000,400,16,4,1,39,214
1_131_1.mat,1_1_0131,240000,400,16,5,1,97,214
1_132_1.mat,1_1_0132,240000,400,16,6,1,100,214
1_133_1.mat,1_1_0133,240000,400,16,1,1,71,215
1_134_1.mat,1_1_0134,240000,400,16,2,1,82,215
1_135_1.mat,1_1_0135,240000,400,16,3,1,42,215
1_136_1.mat,1_1_0136,240000,400,16,4,1,42,215
1_137_1.mat,1_1_0137,240000,400,16,5,1,62,215
1_138_1.mat,1_1_0138,240000,400,16,6,1,50,215
1_139_1.mat,1_1_0139,240000,400,16,1,1,100,216
1_140_1.mat,1_1_0140,240000,400,16,2,1,100,216
1_141_1.mat,1_1_0141,240000,400,16,3,1,100,216
1_142_1.mat,1_1_0142,240000,400,16,4,1,100,216
1_143_1.mat,1_1_0143,240000,400,16,5,1,100,216
1_144_1.mat,1_1_0144,240000,400,16,6,1,99,216
1_145_1.mat,1_1_0145,240000,400,16,1,1,42,217
1_146_1.mat,1_1_0146,240000,400,16,2,1,91,217
1_147_1.mat,1_1_0147,240000,400,16,3,1,43,217
1_148_1.mat,1_1_0148,240000,400,16,4,1,0,217
1_149_1.mat,1_1_0149,240000,400,16,5,1,27,217
1_150_1.mat,1_1_0150,240000,400,16,6,1,100,217
